{
  "name": "Test Accent Detection (Railway API)",
  "nodes": [
    {
      "parameters": {
        "content": "# 🎤 Accent Detection via Railway API\n\n**Setup:**\n1. Deploy the Railway accent API (see instructions)\n2. Paste your Railway URL below\n3. Update video URL\n4. Run!",
        "height": 140,
        "width": 400,
        "color": 5
      },
      "type": "n8n-nodes-base.stickyNote",
      "typeVersion": 1,
      "position": [-100, -80],
      "id": "instructions",
      "name": "Instructions"
    },
    {
      "parameters": {},
      "type": "n8n-nodes-base.manualTrigger",
      "typeVersion": 1,
      "position": [180, 200],
      "id": "manual-trigger",
      "name": "Start Test"
    },
    {
      "parameters": {
        "jsCode": "// ========================================\n// CONFIGURE HERE\n// ========================================\n\n// Your Railway API URL (after deployment)\nconst RAILWAY_URL = 'https://YOUR-APP-NAME.up.railway.app';\n\n// Video URL to test\nconst VIDEO_URL = 'https://tempfile.aiquickdraw.com/v/YOUR_VIDEO_URL.mp4';\n\n// What accent was requested\nconst REQUESTED_ACCENT = 'polished London accent, no American accent';\n\n// ========================================\n\nreturn [{\n  json: {\n    railway_url: RAILWAY_URL,\n    video_url: VIDEO_URL,\n    requested_accent: REQUESTED_ACCENT\n  }\n}];"
      },
      "type": "n8n-nodes-base.code",
      "typeVersion": 2,
      "position": [380, 200],
      "id": "config",
      "name": "Configure Test"
    },
    {
      "parameters": {
        "method": "POST",
        "url": "={{ $json.railway_url }}/classify",
        "sendBody": true,
        "specifyBody": "json",
        "jsonBody": "={\n  \"video_url\": \"{{ $json.video_url }}\",\n  \"requested_accent\": \"{{ $json.requested_accent }}\"\n}",
        "options": {
          "timeout": 120000
        }
      },
      "type": "n8n-nodes-base.httpRequest",
      "typeVersion": 4.2,
      "position": [600, 200],
      "id": "call-railway",
      "name": "Call Railway API"
    },
    {
      "parameters": {
        "jsCode": "const input = $('Configure Test').first().json;\nconst result = $input.first().json;\n\nif (result.error) {\n  throw new Error(result.error);\n}\n\nreturn [{\n  json: {\n    detected_accent: result.detected_accent?.toUpperCase(),\n    confidence: (result.confidence * 100).toFixed(1) + '%',\n    top_3_predictions: result.top_3,\n    requested_accent_raw: result.requested_accent_raw,\n    requested_accent_parsed: result.requested_accent_parsed,\n    accent_match: result.match,\n    match_reason: result.match_type,\n    verdict: result.match \n      ? '✅ PASS - Accent matches request' \n      : '❌ FAIL - Would trigger regeneration',\n    summary: `Requested: ${result.requested_accent_parsed || 'unknown'} | Detected: ${result.detected_accent} | ${result.match ? 'MATCH ✅' : 'MISMATCH ❌'}`\n  }\n}];"
      },
      "type": "n8n-nodes-base.code",
      "typeVersion": 2,
      "position": [820, 200],
      "id": "analyze-result",
      "name": "Analyze Result"
    }
  ],
  "connections": {
    "Start Test": {
      "main": [
        [
          {
            "node": "Configure Test",
            "type": "main",
            "index": 0
          }
        ]
      ]
    },
    "Configure Test": {
      "main": [
        [
          {
            "node": "Call Railway API",
            "type": "main",
            "index": 0
          }
        ]
      ]
    },
    "Call Railway API": {
      "main": [
        [
          {
            "node": "Analyze Result",
            "type": "main",
            "index": 0
          }
        ]
      ]
    }
  },
  "settings": {
    "executionOrder": "v1"
  }
}
